DATE,DAY,MONTH,QUARTER,YEAR,SERIES,OPEN,HIGH,LOW,PREV. CLOSE,LTP,CLOSE,VWAP,52W H,52W L,VOLUME,NO. OF  TRADES
31-Jul-26,Friday,July,Q3,2026,EQ,1620.00,1661.50,1610.50,1669.00,1653.90,1651.30,1649.14,1854.00,1304.10,3355677.00,115043.00
30-Jul-26,Thursday,July,Q3,2026,EQ,1649.00,1686.60,1638.10,1644.20,1661.40,1669.00,1674.08,1854.00,1304.10,4167643.00,117264.00
29-Jul-26,Wednesday,July,Q3,2026,EQ,1661.00,1673.00,1640.10,1635.20,1642.10,1644.20,1652.75,1854.00,1304.10,2189575.00,101771.00
28-Jul-26,Tuesday,July,Q3,2026,EQ,1599.00,1643.90,1595.80,1575.00,1630.00,1635.20,1627.99,1854.00,1304.10,5082959.00,129037.00
27-Jul-26,Monday,July,Q3,2026,EQ,1576.00,1599.60,1571.00,1559.50,1576.00,1575.00,1584.40,1854.00,1304.10,1513324.00,54519.00
24-Jul-26,Friday,July,Q3,2026,EQ,1549.00,1579.80,1531.10,1555.80,1555.00,1559.50,1554.54,1854.00,1304.10,1231512.00,47967.00
23-Jul-26,Thursday,July,Q3,2026,EQ,1550.00,1567.60,1539.00,1560.60,1566.30,1555.80,1555.14,1854.00,1304.10,2424854.00,64730.00
22-Jul-26,Wednesday,July,Q3,2026,EQ,1574.10,1574.10,1551.60,1576.30,1558.40,1560.60,1561.23,1854.00,1304.10,975901.00,50161.00
21-Jul-26,Tuesday,July,Q3,2026,EQ,1577.00,1614.60,1572.00,1576.40,1577.40,1576.30,1590.99,1854.00,1304.10,2624717.00,87975.00
20-Jul-26,Monday,July,Q3,2026,EQ,1577.60,1608.00,1572.40,1572.90,1576.50,1576.40,1586.36,1854.00,1304.10,2324331.00,78337.00
17-Jul-26,Friday,July,Q3,2026,EQ,1540.00,1585.00,1527.30,1510.30,1570.10,1572.90,1554.22,1854.00,1304.10,10632264.00,235153.00
16-Jul-26,Thursday,July,Q3,2026,EQ,1510.00,1538.30,1504.20,1498.70,1515.60,1510.30,1521.03,1854.00,1304.10,2903245.00,104587.00
15-Jul-26,Wednesday,July,Q3,2026,EQ,1465.20,1507.00,1453.00,1484.30,1502.10,1498.70,1488.68,1854.00,1304.10,1834279.00,81783.00
14-Jul-26,Tuesday,July,Q3,2026,EQ,1509.00,1519.90,1480.00,1504.50,1484.40,1484.30,1499.41,1854.00,1304.10,2011058.00,90865.00
13-Jul-26,Monday,July,Q3,2026,EQ,1444.20,1524.80,1444.20,1454.80,1502.00,1504.50,1496.82,1854.00,1304.10,2285072.00,81096.00
10-Jul-26,Friday,July,Q3,2026,EQ,1448.00,1478.90,1445.30,1426.30,1455.00,1454.80,1456.10,1854.00,1304.10,1732609.00,60244.00
9-Jul-26,Thursday,July,Q3,2026,EQ,1426.00,1436.30,1399.00,1428.80,1432.30,1426.30,1424.90,1854.00,1304.10,1379708.00,60962.00
8-Jul-26,Wednesday,July,Q3,2026,EQ,1441.00,1452.90,1422.80,1447.50,1426.00,1428.80,1438.05,1854.00,1304.10,1489170.00,60875.00
7-Jul-26,Tuesday,July,Q3,2026,EQ,1398.50,1463.30,1398.50,1406.50,1447.00,1447.50,1446.47,1854.00,1304.10,4066916.00,101082.00
6-Jul-26,Monday,July,Q3,2026,EQ,1409.80,1417.40,1391.00,1410.10,1408.00,1406.50,1402.14,1854.00,1304.10,1158020.00,50685.00
3-Jul-26,Friday,July,Q3,2026,EQ,1399.90,1445.00,1398.50,1421.30,1407.10,1410.10,1423.90,1854.00,1304.10,2849871.00,77937.00
2-Jul-26,Thursday,July,Q3,2026,EQ,1378.30,1426.00,1373.40,1362.20,1424.40,1421.30,1408.21,1854.00,1304.10,3034626.00,86114.00
1-Jul-26,Wednesday,July,Q3,2026,EQ,1404.70,1404.70,1355.60,1404.70,1360.00,1362.20,1365.96,1854.00,1304.10,3793024.00,96443.00
30-Jun-26,Tuesday,June,Q2,2026,EQ,1438.00,1443.80,1398.90,1433.80,1405.50,1404.70,1411.19,1854.00,1304.10,2421536.00,81224.00
29-Jun-26,Monday,June,Q2,2026,EQ,1439.70,1453.90,1428.60,1437.10,1438.90,1433.80,1439.01,1854.00,1304.10,2466821.00,67600.00
25-Jun-26,Thursday,June,Q2,2026,EQ,1465.00,1476.00,1435.10,1461.60,1439.70,1437.10,1445.48,1854.00,1304.10,2553830.00,70643.00
24-Jun-26,Wednesday,June,Q2,2026,EQ,1420.00,1466.50,1420.00,1415.60,1461.00,1461.60,1454.87,1854.00,1304.10,3451553.00,91380.00
23-Jun-26,Tuesday,June,Q2,2026,EQ,1427.20,1433.30,1400.50,1435.20,1416.00,1415.60,1413.17,1854.00,1304.10,2402816.00,93331.00
22-Jun-26,Monday,June,Q2,2026,EQ,1414.00,1444.00,1414.00,1409.60,1440.00,1435.20,1431.98,1854.00,1304.10,2165308.00,73137.00
19-Jun-26,Friday,June,Q2,2026,EQ,1350.00,1417.20,1344.00,1447.70,1414.00,1409.60,1383.83,1854.00,1304.10,5864187.00,262136.00
18-Jun-26,Thursday,June,Q2,2026,EQ,1454.00,1460.00,1435.50,1462.40,1447.80,1447.70,1445.09,1854.00,1304.10,2273483.00,59957.00
17-Jun-26,Wednesday,June,Q2,2026,EQ,1455.00,1476.80,1454.00,1446.80,1457.60,1462.40,1466.20,1854.00,1304.10,2126833.00,63723.00
16-Jun-26,Tuesday,June,Q2,2026,EQ,1435.10,1455.70,1422.90,1425.60,1450.00,1446.80,1439.49,1854.00,1304.10,1987359.00,55570.00
15-Jun-26,Monday,June,Q2,2026,EQ,1441.20,1454.70,1423.60,1429.20,1426.90,1425.60,1431.96,1854.00,1304.10,1926338.00,62029.00
12-Jun-26,Friday,June,Q2,2026,EQ,1477.00,1478.60,1425.00,1465.10,1433.10,1429.20,1436.41,1854.00,1304.10,2460369.00,80528.00
11-Jun-26,Thursday,June,Q2,2026,EQ,1456.80,1481.90,1437.70,1478.90,1467.00,1465.10,1461.68,1854.00,1304.10,2088978.00,108572.00
10-Jun-26,Wednesday,June,Q2,2026,EQ,1480.00,1496.30,1471.20,1483.80,1479.00,1478.90,1482.80,1854.00,1304.10,1082678.00,62431.00
9-Jun-26,Tuesday,June,Q2,2026,EQ,1516.50,1518.40,1473.20,1503.40,1486.50,1483.80,1484.45,1854.00,1304.10,1330108.00,78898.00
8-Jun-26,Monday,June,Q2,2026,EQ,1469.10,1511.10,1459.00,1483.50,1498.00,1503.40,1496.82,1854.00,1304.10,2467960.00,89577.00
5-Jun-26,Friday,June,Q2,2026,EQ,1508.70,1524.00,1467.90,1487.30,1482.00,1483.50,1489.08,1854.00,1304.10,2201977.00,85980.00
4-Jun-26,Thursday,June,Q2,2026,EQ,1460.00,1499.70,1453.10,1472.30,1486.80,1487.30,1485.55,1854.00,1304.10,2061503.00,71914.00
3-Jun-26,Wednesday,June,Q2,2026,EQ,1549.10,1554.70,1467.60,1571.40,1470.00,1472.30,1493.06,1854.00,1304.10,3493572.00,120613.00
2-Jun-26,Tuesday,June,Q2,2026,EQ,1562.90,1589.00,1554.00,1543.20,1570.10,1571.40,1573.75,1854.00,1304.10,4169279.00,182234.00
1-Jun-26,Monday,June,Q2,2026,EQ,1495.20,1562.50,1495.20,1483.90,1539.00,1543.20,1544.34,1854.00,1304.10,5243443.00,132544.00
29-May-26,Friday,May,Q2,2026,EQ,1476.90,1496.60,1460.10,1455.60,1480.00,1483.90,1483.71,1854.00,1304.10,3955137.00,91447.00
27-May-26,Wednesday,May,Q2,2026,EQ,1460.10,1479.00,1451.10,1458.70,1456.20,1455.60,1465.13,1854.00,1304.10,1825192.00,60526.00
26-May-26,Tuesday,May,Q2,2026,EQ,1433.60,1465.80,1429.90,1435.50,1460.00,1458.70,1451.45,1854.00,1304.10,1725570.00,59248.00
25-May-26,Monday,May,Q2,2026,EQ,1429.40,1445.00,1421.20,1422.20,1438.50,1435.50,1435.74,1854.00,1304.10,887430.00,34000.00
22-May-26,Friday,May,Q2,2026,EQ,1425.00,1429.30,1406.10,1420.00,1424.20,1422.20,1419.23,1854.00,1304.10,654078.00,39851.00
21-May-26,Thursday,May,Q2,2026,EQ,1445.10,1450.00,1416.30,1439.00,1419.80,1420.00,1427.76,1854.00,1304.10,999422.00,46285.00
20-May-26,Wednesday,May,Q2,2026,EQ,1453.60,1476.50,1434.70,1467.10,1439.00,1439.00,1455.59,1854.00,1304.10,2216454.00,73204.00
19-May-26,Tuesday,May,Q2,2026,EQ,1446.30,1506.80,1445.60,1430.00,1467.00,1467.10,1483.54,1854.00,1304.10,6697277.00,144080.00
18-May-26,Monday,May,Q2,2026,EQ,1363.70,1437.70,1363.70,1370.50,1437.00,1430.00,1397.93,1854.00,1304.10,6204623.00,110537.00
15-May-26,Friday,May,Q2,2026,EQ,1350.00,1387.70,1350.00,1343.40,1367.50,1370.50,1372.51,1854.00,1304.10,5306932.00,83738.00
14-May-26,Thursday,May,Q2,2026,EQ,1370.00,1374.00,1327.30,1375.00,1343.00,1343.40,1344.78,1854.00,1304.10,2337353.00,119400.00
13-May-26,Wednesday,May,Q2,2026,EQ,1392.90,1399.90,1371.60,1392.90,1375.00,1375.00,1380.92,1854.00,1304.10,2142904.00,95312.00
12-May-26,Tuesday,May,Q2,2026,EQ,1447.00,1447.00,1388.90,1457.40,1396.00,1392.90,1403.24,1854.00,1304.10,1474910.00,86416.00
11-May-26,Monday,May,Q2,2026,EQ,1460.00,1475.40,1451.80,1463.00,1457.20,1457.40,1463.06,1854.00,1304.10,1348443.00,80484.00
8-May-26,Friday,May,Q2,2026,EQ,1453.50,1469.80,1448.40,1448.20,1460.90,1463.00,1463.73,1854.00,1304.10,1360644.00,65285.00
7-May-26,Thursday,May,Q2,2026,EQ,1467.00,1475.90,1444.00,1466.70,1450.00,1448.20,1453.27,1854.00,1304.10,1147147.00,62654.00
6-May-26,Wednesday,May,Q2,2026,EQ,1467.90,1480.60,1455.40,1452.20,1467.00,1466.70,1467.45,1854.00,1304.10,877900.00,47897.00
5-May-26,Tuesday,May,Q2,2026,EQ,1465.00,1483.80,1447.10,1471.60,1451.20,1452.20,1457.23,1854.00,1304.10,711081.00,47248.00
4-May-26,Monday,May,Q2,2026,EQ,1484.00,1492.40,1455.20,1473.50,1471.00,1471.60,1469.39,1854.00,1304.10,1483759.00,66785.00
30-Apr-26,Thursday,April,Q2,2026,EQ,1459.70,1482.00,1445.60,1459.80,1473.80,1473.50,1468.44,1854.00,1304.10,2635309.00,84169.00
29-Apr-26,Wednesday,April,Q2,2026,EQ,1414.00,1464.00,1405.20,1408.10,1454.70,1459.80,1454.60,1854.00,1304.10,3334783.00,92470.00
28-Apr-26,Tuesday,April,Q2,2026,EQ,1392.50,1413.00,1383.60,1396.10,1412.50,1408.10,1403.59,1854.00,1304.10,2009200.00,76680.00
27-Apr-26,Monday,April,Q2,2026,EQ,1362.90,1400.50,1360.20,1358.50,1398.00,1396.10,1388.13,1854.00,1304.10,1834277.00,117677.00
24-Apr-26,Friday,April,Q2,2026,EQ,1407.10,1426.70,1347.40,1421.50,1361.80,1358.50,1367.36,1854.00,1303.00,3693260.00,114149.00
23-Apr-26,Thursday,April,Q2,2026,EQ,1470.20,1473.90,1413.90,1462.60,1416.90,1421.50,1431.77,1854.00,1303.00,4101549.00,180095.00
22-Apr-26,Wednesday,April,Q2,2026,EQ,1463.40,1502.80,1404.10,1500.80,1463.30,1462.60,1452.85,1854.00,1303.00,11668801.00,311306.00
21-Apr-26,Tuesday,April,Q2,2026,EQ,1501.00,1510.90,1489.00,1504.40,1499.00,1500.80,1498.99,1854.00,1303.00,2001948.00,79418.00
20-Apr-26,Monday,April,Q2,2026,EQ,1510.90,1531.30,1496.20,1511.40,1497.50,1504.40,1510.74,1854.00,1303.00,1341688.00,68395.00
17-Apr-26,Friday,April,Q2,2026,EQ,1486.00,1522.50,1474.90,1491.00,1512.30,1511.40,1509.05,1854.00,1275.90,1859402.00,69744.00
16-Apr-26,Thursday,April,Q2,2026,EQ,1489.80,1511.50,1479.50,1483.80,1488.00,1491.00,1492.02,1854.00,1275.90,1768783.00,93003.00
15-Apr-26,Wednesday,April,Q2,2026,EQ,1455.00,1485.70,1450.00,1435.40,1482.00,1483.80,1472.67,1854.00,1275.90,1678561.00,68877.00
13-Apr-26,Monday,April,Q2,2026,EQ,1425.60,1439.40,1412.90,1440.20,1438.00,1435.40,1430.93,1854.00,1275.90,1285567.00,76150.00
10-Apr-26,Friday,April,Q2,2026,EQ,1461.00,1461.00,1426.00,1461.60,1438.90,1440.20,1436.12,1854.00,1209.40,2045026.00,70451.00
9-Apr-26,Thursday,April,Q2,2026,EQ,1452.00,1464.00,1433.60,1451.40,1461.10,1461.60,1452.31,1854.00,1209.40,1805451.00,71641.00
8-Apr-26,Wednesday,April,Q2,2026,EQ,1484.00,1493.00,1445.80,1473.40,1453.50,1451.40,1455.18,1854.00,1209.40,2736951.00,90321.00
7-Apr-26,Tuesday,April,Q2,2026,EQ,1435.00,1482.00,1431.30,1449.50,1473.50,1473.40,1470.56,1854.00,1209.40,1673236.00,84572.00
6-Apr-26,Monday,April,Q2,2026,EQ,1435.00,1464.90,1433.70,1441.50,1450.10,1449.50,1453.78,1854.00,1209.40,1476736.00,66711.00
2-Apr-26,Thursday,April,Q2,2026,EQ,1390.00,1447.00,1383.50,1404.50,1439.00,1441.50,1426.35,1854.00,1209.40,2501510.00,119296.00
1-Apr-26,Wednesday,April,Q2,2026,EQ,1412.60,1422.80,1395.00,1384.00,1405.70,1404.50,1409.17,1854.00,1209.40,1624500.00,69055.00
30-Mar-26,Monday,March,Q1,2026,EQ,1380.00,1422.00,1367.10,1391.60,1414.70,1384.00,1381.70,1854.00,1209.40,3048646.00,88125.00
27-Mar-26,Friday,March,Q1,2026,EQ,1395.00,1421.00,1385.50,1408.50,1386.70,1391.60,1400.57,1854.00,1209.40,2584016.00,109026.00
25-Mar-26,Wednesday,March,Q1,2026,EQ,1422.40,1428.70,1393.00,1432.70,1403.50,1408.50,1414.73,1854.00,1209.40,4938929.00,150452.00
24-Mar-26,Tuesday,March,Q1,2026,EQ,1414.00,1439.20,1400.00,1384.00,1433.00,1432.70,1421.96,1854.00,1209.40,3988700.00,120619.00
23-Mar-26,Monday,March,Q1,2026,EQ,1366.00,1414.60,1357.60,1384.80,1389.00,1384.00,1396.64,1854.00,1209.40,3647386.00,169241.00
20-Mar-26,Friday,March,Q1,2026,EQ,1360.70,1391.00,1355.60,1340.60,1386.30,1384.80,1383.79,1854.00,1209.40,3397016.00,103776.00
19-Mar-26,Thursday,March,Q1,2026,EQ,1364.10,1379.30,1331.10,1385.20,1350.00,1340.60,1351.10,1854.00,1209.40,1219405.00,80223.00
18-Mar-26,Wednesday,March,Q1,2026,EQ,1346.80,1404.70,1344.30,1341.80,1382.70,1385.20,1389.40,1854.00,1209.40,2969039.00,109356.00
17-Mar-26,Tuesday,March,Q1,2026,EQ,1340.90,1354.80,1318.20,1339.50,1339.70,1341.80,1343.20,1854.00,1209.40,1634005.00,89344.00
16-Mar-26,Monday,March,Q1,2026,EQ,1324.00,1346.40,1315.90,1332.80,1340.90,1339.50,1333.98,1854.00,1209.40,2062060.00,73989.00
13-Mar-26,Friday,March,Q1,2026,EQ,1342.50,1342.50,1319.80,1349.80,1332.00,1332.80,1330.09,1854.00,1209.40,1150005.00,63585.00
12-Mar-26,Thursday,March,Q1,2026,EQ,1334.40,1356.50,1327.00,1334.40,1354.30,1349.80,1346.09,1854.00,1209.40,3067753.00,130113.00
11-Mar-26,Wednesday,March,Q1,2026,EQ,1343.90,1355.40,1330.20,1336.60,1334.20,1334.40,1342.65,1854.00,1209.40,1499971.00,90461.00
10-Mar-26,Tuesday,March,Q1,2026,EQ,1340.00,1347.90,1316.70,1336.30,1339.00,1336.60,1329.63,1854.00,1209.40,1069187.00,72842.00
9-Mar-26,Monday,March,Q1,2026,EQ,1305.00,1340.40,1304.10,1331.70,1333.10,1336.30,1325.23,1854.00,1209.40,1032250.00,83963.00
6-Mar-26,Friday,March,Q1,2026,EQ,1330.00,1359.50,1326.60,1333.30,1335.60,1331.70,1338.62,1854.00,1209.40,1033627.00,72260.00
5-Mar-26,Thursday,March,Q1,2026,EQ,1358.00,1366.70,1319.30,1351.20,1332.50,1333.30,1334.17,1854.00,1209.40,1210010.00,88882.00
4-Mar-26,Wednesday,March,Q1,2026,EQ,1321.00,1362.20,1321.00,1345.40,1347.40,1351.20,1350.08,1854.00,1209.40,1820421.00,107669.00
2-Mar-26,Monday,March,Q1,2026,EQ,1335.00,1362.80,1322.20,1357.80,1344.50,1345.40,1344.23,1854.00,1209.40,1564363.00,80943.00
27-Feb-26,Friday,February,Q1,2026,EQ,1391.00,1410.40,1354.00,1361.80,1354.30,1357.80,1365.89,1854.00,1209.40,2601590.00,82116.00
26-Feb-26,Thursday,February,Q1,2026,EQ,1366.40,1396.60,1360.40,1361.80,1363.00,1361.80,1376.12,1854.00,1209.40,1587449.00,81031.00
25-Feb-26,Wednesday,February,Q1,2026,EQ,1355.10,1397.70,1351.40,1345.40,1356.00,1361.80,1370.52,1854.00,1209.40,2683571.00,79781.00
24-Feb-26,Tuesday,February,Q1,2026,EQ,1420.00,1423.20,1335.30,1440.90,1352.00,1345.40,1359.59,1854.00,1209.40,7441035.00,174695.00
23-Feb-26,Monday,February,Q1,2026,EQ,1459.50,1470.00,1430.00,1456.90,1437.20,1440.90,1442.59,1854.00,1209.40,2660793.00,88131.00
20-Feb-26,Friday,February,Q1,2026,EQ,1465.00,1477.30,1453.10,1479.30,1464.00,1456.90,1461.81,1854.00,1209.40,1599813.00,50639.00
19-Feb-26,Thursday,February,Q1,2026,EQ,1506.80,1532.80,1472.30,1504.80,1475.50,1479.30,1499.28,1854.00,1209.40,1108260.00,49139.00
18-Feb-26,Wednesday,February,Q1,2026,EQ,1524.60,1528.60,1481.70,1523.80,1500.00,1504.80,1496.22,1854.00,1209.40,1989222.00,87114.00
17-Feb-26,Tuesday,February,Q1,2026,EQ,1512.70,1547.50,1506.00,1512.70,1520.00,1523.80,1532.28,1854.00,1209.40,1781501.00,102592.00
16-Feb-26,Monday,February,Q1,2026,EQ,1526.00,1541.90,1494.70,1534.40,1513.90,1512.70,1513.42,1854.00,1209.40,1873472.00,52588.00
13-Feb-26,Friday,February,Q1,2026,EQ,1482.60,1548.00,1464.40,1536.60,1534.00,1534.40,1515.28,1854.00,1209.40,7058376.00,187637.00
12-Feb-26,Thursday,February,Q1,2026,EQ,1605.00,1611.00,1528.00,1634.40,1529.80,1536.60,1557.28,1854.00,1209.40,5343729.00,165502.00
11-Feb-26,Wednesday,February,Q1,2026,EQ,1655.00,1658.00,1625.00,1644.60,1625.10,1634.40,1640.42,1854.00,1209.40,1521823.00,70831.00
10-Feb-26,Tuesday,February,Q1,2026,EQ,1625.00,1658.50,1611.10,1621.70,1646.00,1644.60,1645.11,1854.00,1209.40,1527966.00,74788.00
9-Feb-26,Monday,February,Q1,2026,EQ,1625.00,1636.00,1613.60,1619.90,1619.00,1621.70,1622.08,1854.00,1209.40,933821.00,61890.00
6-Feb-26,Friday,February,Q1,2026,EQ,1645.00,1645.90,1600.00,1646.20,1616.00,1619.90,1616.39,1854.00,1209.40,1988639.00,93137.00
5-Feb-26,Thursday,February,Q1,2026,EQ,1630.10,1659.10,1630.00,1645.30,1645.00,1646.20,1642.63,1854.00,1209.40,1720981.00,78174.00
4-Feb-26,Wednesday,February,Q1,2026,EQ,1651.00,1656.00,1598.00,1716.50,1639.00,1645.30,1629.09,1854.00,1209.40,4823180.00,157441.00
3-Feb-26,Tuesday,February,Q1,2026,EQ,1845.00,1854.00,1712.70,1724.00,1712.70,1716.50,1738.83,1854.00,1209.40,2711705.00,109496.00
2-Feb-26,Monday,February,Q1,2026,EQ,1713.70,1729.60,1709.20,1717.30,1723.80,1724.00,1720.69,1776.60,1209.40,1030696.00,82350.00
1-Feb-26,Sunday,February,Q1,2026,EQ,1732.00,1766.40,1706.40,1743.10,1711.00,1717.30,1738.77,1776.60,1209.40,654184.00,31624.00
30-Jan-26,Friday,January,Q1,2026,EQ,1757.10,1760.00,1731.00,1768.40,1735.20,1743.10,1742.35,1776.60,1209.40,1672787.00,76348.00
29-Jan-26,Thursday,January,Q1,2026,EQ,1751.10,1776.60,1736.10,1762.90,1765.10,1768.40,1759.86,1776.60,1209.40,1893136.00,123063.00
28-Jan-26,Wednesday,January,Q1,2026,EQ,1748.00,1765.70,1739.90,1745.10,1760.00,1762.90,1754.07,1765.70,1209.40,2534826.00,122533.00
27-Jan-26,Tuesday,January,Q1,2026,EQ,1720.00,1749.00,1700.00,1701.10,1748.00,1745.10,1728.01,1749.00,1209.40,2932973.00,155304.00
23-Jan-26,Friday,January,Q1,2026,EQ,1699.00,1709.70,1689.20,1687.40,1700.70,1701.10,1702.19,1736.40,1209.40,1831521.00,85431.00
22-Jan-26,Thursday,January,Q1,2026,EQ,1695.00,1712.60,1682.70,1686.70,1690.30,1687.40,1697.63,1736.40,1209.40,3123567.00,94240.00
21-Jan-26,Wednesday,January,Q1,2026,EQ,1678.50,1694.30,1660.10,1678.50,1684.40,1686.70,1678.86,1736.40,1209.40,1766163.00,97250.00
20-Jan-26,Tuesday,January,Q1,2026,EQ,1715.00,1716.70,1675.00,1718.30,1675.70,1678.50,1684.25,1736.40,1209.40,1825981.00,107605.00
19-Jan-26,Monday,January,Q1,2026,EQ,1690.00,1736.00,1673.50,1670.50,1710.40,1718.30,1723.87,1736.40,1209.40,10621562.00,288462.00
16-Jan-26,Friday,January,Q1,2026,EQ,1600.00,1680.70,1600.00,1588.50,1672.00,1670.50,1653.10,1736.40,1209.40,3733401.00,115095.00
14-Jan-26,Wednesday,January,Q1,2026,EQ,1612.90,1613.00,1583.10,1614.80,1592.20,1588.50,1598.90,1736.40,1209.40,1570385.00,48075.00
13-Jan-26,Tuesday,January,Q1,2026,EQ,1582.00,1622.90,1582.00,1586.10,1610.00,1614.80,1608.54,1736.40,1209.40,2573438.00,69930.00
12-Jan-26,Monday,January,Q1,2026,EQ,1572.10,1594.00,1562.80,1582.20,1585.00,1586.10,1581.41,1736.40,1209.40,652320.00,48293.00
9-Jan-26,Friday,January,Q1,2026,EQ,1583.00,1606.40,1578.10,1577.90,1583.20,1582.20,1585.41,1736.40,1209.40,1410053.00,61199.00
8-Jan-26,Thursday,January,Q1,2026,EQ,1625.00,1632.80,1574.50,1625.20,1575.90,1577.90,1593.93,1736.40,1209.40,1657201.00,69892.00
7-Jan-26,Wednesday,January,Q1,2026,EQ,1599.00,1633.90,1595.80,1601.80,1630.00,1625.20,1622.36,1736.40,1209.40,1309781.00,50984.00
6-Jan-26,Tuesday,January,Q1,2026,EQ,1603.90,1625.40,1596.10,1596.90,1599.80,1601.80,1604.84,1736.40,1209.40,570335.00,36268.00
5-Jan-26,Monday,January,Q1,2026,EQ,1601.90,1610.10,1576.10,1612.00,1598.80,1596.90,1594.95,1736.40,1209.40,907810.00,44510.00
2-Jan-26,Friday,January,Q1,2026,EQ,1611.00,1619.10,1601.90,1607.70,1612.20,1612.00,1611.82,1773.60,1209.40,637080.00,32770.00
1-Jan-26,Thursday,January,Q1,2026,EQ,1591.00,1613.50,1587.20,1590.90,1607.00,1607.70,1603.99,1773.60,1209.40,565878.00,25823.00
31-Dec-25,Wednesday,December,Q4,2025,EQ,1614.80,1614.80,1588.30,1604.60,1591.00,1590.90,1595.36,1773.60,1209.40,729913.00,30316.00
30-Dec-25,Tuesday,December,Q4,2025,EQ,1614.90,1616.20,1599.00,1612.40,1602.80,1604.60,1604.79,1773.60,1209.40,1973547.00,72189.00
29-Dec-25,Monday,December,Q4,2025,EQ,1614.00,1629.80,1610.10,1612.30,1613.90,1612.40,1618.31,1773.60,1209.40,891096.00,51834.00
26-Dec-25,Friday,December,Q4,2025,EQ,1630.50,1633.70,1608.00,1631.50,1612.50,1612.30,1616.32,1773.60,1209.40,461192.00,25723.00
24-Dec-25,Wednesday,December,Q4,2025,EQ,1630.00,1636.60,1615.30,1633.00,1630.50,1631.50,1627.09,1773.60,1209.40,955523.00,38935.00
23-Dec-25,Tuesday,December,Q4,2025,EQ,1646.50,1646.50,1628.80,1646.70,1631.50,1633.00,1637.34,1773.60,1209.40,1161166.00,56624.00
22-Dec-25,Monday,December,Q4,2025,EQ,1615.90,1649.80,1612.80,1612.50,1642.50,1646.70,1641.31,1773.60,1209.40,1466208.00,56797.00
19-Dec-25,Friday,December,Q4,2025,EQ,1611.00,1624.00,1595.00,1605.60,1609.00,1612.50,1608.85,1793.50,1209.40,1802793.00,75222.00
18-Dec-25,Thursday,December,Q4,2025,EQ,1581.00,1608.80,1574.60,1579.40,1605.00,1605.60,1592.49,1793.50,1209.40,1748780.00,65399.00
17-Dec-25,Wednesday,December,Q4,2025,EQ,1578.20,1586.20,1570.30,1578.20,1578.10,1579.40,1579.01,1793.50,1209.40,582251.00,44178.00
16-Dec-25,Tuesday,December,Q4,2025,EQ,1570.00,1580.30,1564.70,1575.40,1575.00,1578.20,1574.82,1793.50,1209.40,999338.00,57143.00
15-Dec-25,Monday,December,Q4,2025,EQ,1571.00,1588.70,1567.70,1578.40,1575.50,1575.40,1579.48,1793.50,1209.40,784781.00,53193.00
12-Dec-25,Friday,December,Q4,2025,EQ,1575.00,1580.50,1558.70,1568.20,1580.10,1578.40,1574.06,1807.70,1209.40,754479.00,43146.00
11-Dec-25,Thursday,December,Q4,2025,EQ,1550.00,1572.00,1541.00,1550.80,1569.00,1568.20,1557.68,1807.70,1209.40,1248064.00,50867.00
10-Dec-25,Wednesday,December,Q4,2025,EQ,1563.00,1572.90,1548.20,1561.60,1548.20,1550.80,1561.29,1807.70,1209.40,735586.00,49443.00
9-Dec-25,Tuesday,December,Q4,2025,EQ,1579.10,1586.00,1559.00,1591.80,1561.50,1561.60,1569.82,1807.70,1209.40,1533609.00,85473.00
8-Dec-25,Monday,December,Q4,2025,EQ,1581.00,1595.70,1572.70,1570.80,1590.00,1591.80,1585.24,1807.70,1209.40,2833786.00,76551.00
5-Dec-25,Friday,December,Q4,2025,EQ,1567.10,1583.00,1556.60,1562.30,1569.00,1570.80,1574.72,1807.70,1209.40,2223397.00,76997.00
4-Dec-25,Thursday,December,Q4,2025,EQ,1545.10,1577.90,1541.10,1541.70,1565.00,1562.30,1564.97,1807.70,1209.40,2422663.00,86962.00
3-Dec-25,Wednesday,December,Q4,2025,EQ,1537.90,1550.80,1530.30,1536.70,1540.60,1541.70,1542.79,1807.70,1209.40,2142830.00,77614.00
2-Dec-25,Tuesday,December,Q4,2025,EQ,1523.10,1539.00,1520.00,1529.50,1533.00,1536.70,1531.26,1807.70,1209.40,1754978.00,88212.00
1-Dec-25,Monday,December,Q4,2025,EQ,1515.30,1532.00,1509.70,1517.30,1528.40,1529.50,1525.13,1807.70,1209.40,1527101.00,76463.00
28-Nov-25,Friday,November,Q4,2025,EQ,1515.80,1525.30,1503.70,1509.80,1515.00,1517.30,1518.56,1807.70,1209.40,1247146.00,55162.00
27-Nov-25,Thursday,November,Q4,2025,EQ,1523.00,1532.00,1505.00,1520.40,1506.00,1509.80,1514.36,1807.70,1209.40,1426194.00,65941.00
26-Nov-25,Wednesday,November,Q4,2025,EQ,1498.00,1522.70,1496.20,1494.70,1521.10,1520.40,1511.68,1807.70,1209.40,1592891.00,66745.00
25-Nov-25,Tuesday,November,Q4,2025,EQ,1501.20,1502.00,1483.50,1494.70,1497.00,1494.70,1493.54,1807.70,1209.40,1675981.00,60556.00
24-Nov-25,Monday,November,Q4,2025,EQ,1470.00,1513.80,1461.80,1461.50,1496.80,1494.70,1500.27,1807.70,1209.40,6808658.00,169603.00
21-Nov-25,Friday,November,Q4,2025,EQ,1455.00,1469.00,1440.00,1456.00,1461.50,1461.50,1459.62,1807.70,1209.40,2615232.00,75008.00
20-Nov-25,Thursday,November,Q4,2025,EQ,1445.30,1464.70,1430.70,1433.90,1460.00,1456.00,1453.74,1807.70,1209.40,2818268.00,80195.00
19-Nov-25,Wednesday,November,Q4,2025,EQ,1427.50,1443.50,1417.80,1422.00,1436.90,1433.90,1435.49,1807.70,1209.40,5777445.00,65179.00
18-Nov-25,Tuesday,November,Q4,2025,EQ,1444.00,1451.10,1419.50,1452.80,1420.70,1422.00,1429.70,1807.70,1209.40,1553597.00,59731.00
17-Nov-25,Monday,November,Q4,2025,EQ,1440.00,1455.90,1438.30,1439.20,1452.80,1452.80,1448.57,1807.70,1209.40,999416.00,67712.00
14-Nov-25,Friday,November,Q4,2025,EQ,1444.20,1445.80,1422.90,1451.40,1443.80,1439.20,1436.67,1807.70,1209.40,1220596.00,55608.00
13-Nov-25,Thursday,November,Q4,2025,EQ,1463.00,1463.80,1442.30,1456.10,1453.00,1451.40,1450.58,1807.70,1209.40,1178211.00,42275.00
12-Nov-25,Wednesday,November,Q4,2025,EQ,1415.00,1460.20,1414.00,1408.00,1457.00,1456.10,1443.88,1807.70,1209.40,2958869.00,105389.00
11-Nov-25,Tuesday,November,Q4,2025,EQ,1405.00,1410.40,1392.20,1397.80,1406.80,1408.00,1403.39,1807.70,1209.40,2488036.00,92578.00
10-Nov-25,Monday,November,Q4,2025,EQ,1386.70,1404.30,1383.60,1386.70,1396.80,1397.80,1396.13,1807.70,1209.40,2883323.00,82024.00
7-Nov-25,Friday,November,Q4,2025,EQ,1400.10,1409.80,1385.00,1413.60,1387.20,1386.70,1392.87,1807.70,1209.40,1209479.00,74482.00
6-Nov-25,Thursday,November,Q4,2025,EQ,1412.00,1420.90,1410.00,1409.20,1415.90,1413.60,1414.79,1807.70,1209.40,2502412.00,75904.00
4-Nov-25,Tuesday,November,Q4,2025,EQ,1419.90,1425.30,1405.60,1419.80,1407.80,1409.20,1410.91,1807.70,1209.40,1191278.00,63588.00
3-Nov-25,Monday,November,Q4,2025,EQ,1419.10,1424.00,1414.00,1424.40,1419.70,1419.80,1420.49,1807.70,1209.40,2136091.00,62796.00
31-Oct-25,Friday,October,Q4,2025,EQ,1433.80,1437.50,1420.30,1433.80,1424.00,1424.40,1427.98,1807.70,1209.40,1757591.00,67439.00
30-Oct-25,Thursday,October,Q4,2025,EQ,1453.20,1458.10,1432.50,1452.20,1432.50,1433.80,1437.32,1807.70,1209.40,1797868.00,101347.00
29-Oct-25,Wednesday,October,Q4,2025,EQ,1453.00,1461.20,1442.60,1447.40,1455.50,1452.20,1452.24,1807.70,1209.40,1311858.00,63292.00
28-Oct-25,Tuesday,October,Q4,2025,EQ,1469.00,1469.60,1435.30,1462.80,1446.30,1447.40,1447.41,1807.70,1209.40,1432913.00,80930.00
27-Oct-25,Monday,October,Q4,2025,EQ,1457.90,1475.60,1457.00,1453.70,1464.80,1462.80,1467.58,1807.70,1209.40,1036807.00,47176.00
24-Oct-25,Friday,October,Q4,2025,EQ,1465.40,1468.00,1450.00,1463.40,1453.70,1453.70,1457.54,1807.70,1209.40,969361.00,47996.00
23-Oct-25,Thursday,October,Q4,2025,EQ,1465.00,1487.50,1460.90,1448.70,1465.30,1463.40,1475.22,1807.70,1209.40,3244860.00,85988.00
21-Oct-25,Tuesday,October,Q4,2025,EQ,1450.00,1457.30,1442.00,1444.40,1446.90,1448.70,1450.44,1807.70,1209.40,114229.00,6606.00
20-Oct-25,Monday,October,Q4,2025,EQ,1440.00,1455.00,1439.00,1447.60,1446.00,1444.40,1446.03,1807.70,1209.40,1800507.00,61978.00
17-Oct-25,Friday,October,Q4,2025,EQ,1465.00,1465.00,1440.10,1463.80,1446.80,1447.60,1447.46,1807.70,1209.40,1433539.00,58051.00
16-Oct-25,Thursday,October,Q4,2025,EQ,1466.00,1466.70,1447.90,1459.00,1460.00,1463.80,1457.76,1807.70,1209.40,1619438.00,61690.00
15-Oct-25,Wednesday,October,Q4,2025,EQ,1470.00,1479.00,1440.40,1468.00,1455.00,1459.00,1456.34,1807.70,1209.40,2810322.00,99023.00
14-Oct-25,Tuesday,October,Q4,2025,EQ,1460.00,1479.80,1457.90,1450.90,1468.90,1468.00,1468.88,1807.70,1209.40,1430713.00,72211.00
13-Oct-25,Monday,October,Q4,2025,EQ,1455.00,1461.50,1439.20,1457.20,1456.60,1450.90,1449.30,1807.70,1209.40,1229414.00,90430.00
10-Oct-25,Friday,October,Q4,2025,EQ,1477.00,1477.70,1450.10,1466.60,1458.00,1457.20,1460.49,1807.70,1209.40,937053.00,67199.00
9-Oct-25,Thursday,October,Q4,2025,EQ,1458.20,1475.40,1452.00,1458.20,1463.10,1466.60,1465.62,1807.70,1209.40,1354036.00,63799.00
8-Oct-25,Wednesday,October,Q4,2025,EQ,1432.10,1472.80,1432.10,1438.90,1456.10,1458.20,1459.37,1807.70,1209.40,1154614.00,61925.00
7-Oct-25,Tuesday,October,Q4,2025,EQ,1440.00,1445.80,1426.60,1439.30,1441.00,1438.90,1437.37,1807.70,1209.40,1105550.00,51162.00
6-Oct-25,Monday,October,Q4,2025,EQ,1404.90,1442.00,1397.10,1400.60,1439.60,1439.30,1414.16,1807.70,1209.40,3036770.00,71535.00
3-Oct-25,Friday,October,Q4,2025,EQ,1423.00,1423.80,1397.30,1416.00,1398.00,1400.60,1405.12,1807.70,1209.40,2568702.00,63629.00
1-Oct-25,Wednesday,October,Q4,2025,EQ,1401.00,1423.60,1393.40,1400.30,1418.00,1416.00,1413.93,1807.70,1209.40,1683484.00,78594.00
30-Sep-25,Tuesday,September,Q3,2025,EQ,1408.00,1426.70,1392.50,1410.70,1397.00,1400.30,1410.50,1807.70,1209.40,2225340.00,84324.00
29-Sep-25,Monday,September,Q3,2025,EQ,1415.00,1425.00,1391.90,1407.70,1410.00,1410.70,1404.18,1807.70,1209.40,2708118.00,91381.00
26-Sep-25,Friday,September,Q3,2025,EQ,1439.90,1441.50,1403.50,1444.30,1407.00,1407.70,1416.07,1807.70,1209.40,1851067.00,87439.00
25-Sep-25,Thursday,September,Q3,2025,EQ,1452.00,1460.20,1437.00,1452.40,1441.50,1444.30,1447.52,1807.70,1209.40,1581629.00,75826.00
24-Sep-25,Wednesday,September,Q3,2025,EQ,1470.00,1470.00,1439.00,1471.90,1453.60,1452.40,1450.81,1807.70,1209.40,2122106.00,80876.00
23-Sep-25,Tuesday,September,Q3,2025,EQ,1511.70,1511.70,1468.20,1505.40,1472.90,1471.90,1481.99,1807.70,1209.40,1380054.00,60805.00
22-Sep-25,Monday,September,Q3,2025,EQ,1499.00,1510.00,1453.30,1553.80,1507.20,1505.40,1494.26,1807.70,1209.40,5723501.00,210711.00
19-Sep-25,Friday,September,Q3,2025,EQ,1551.00,1557.40,1541.60,1550.70,1557.00,1553.80,1550.99,1807.70,1209.40,2621234.00,78319.00
18-Sep-25,Thursday,September,Q3,2025,EQ,1556.00,1566.90,1541.80,1547.20,1550.90,1550.70,1552.76,1807.70,1209.40,2246114.00,60225.00
17-Sep-25,Wednesday,September,Q3,2025,EQ,1538.30,1549.40,1525.60,1531.50,1548.70,1547.20,1539.43,1807.70,1209.40,1946337.00,68429.00
16-Sep-25,Tuesday,September,Q3,2025,EQ,1522.90,1534.00,1510.00,1519.80,1530.00,1531.50,1523.13,1807.70,1209.40,1011289.00,53675.00
15-Sep-25,Monday,September,Q3,2025,EQ,1527.90,1527.90,1505.60,1525.50,1520.00,1519.80,1516.31,1807.70,1209.40,825515.00,45307.00
12-Sep-25,Friday,September,Q3,2025,EQ,1529.00,1530.00,1512.50,1521.20,1525.50,1525.50,1523.72,1807.70,1209.40,770698.00,47140.00
11-Sep-25,Thursday,September,Q3,2025,EQ,1526.00,1531.50,1505.70,1526.00,1520.00,1521.20,1516.00,1807.70,1209.40,896908.00,56286.00
10-Sep-25,Wednesday,September,Q3,2025,EQ,1503.00,1536.00,1501.80,1498.20,1526.70,1526.00,1525.50,1807.70,1209.40,1660976.00,75237.00
9-Sep-25,Tuesday,September,Q3,2025,EQ,1466.60,1500.00,1465.70,1460.70,1496.50,1498.20,1493.02,1807.70,1209.40,1749566.00,87856.00
8-Sep-25,Monday,September,Q3,2025,EQ,1482.40,1487.90,1459.00,1477.90,1460.00,1460.70,1468.02,1807.70,1209.40,1308412.00,71376.00
5-Sep-25,Friday,September,Q3,2025,EQ,1499.00,1507.40,1462.10,1500.40,1478.00,1477.90,1483.62,1807.70,1209.40,1875965.00,90302.00
4-Sep-25,Thursday,September,Q3,2025,EQ,1506.10,1510.80,1495.30,1508.20,1496.90,1500.40,1502.24,1807.70,1209.40,1038934.00,61743.00
3-Sep-25,Wednesday,September,Q3,2025,EQ,1512.80,1516.10,1497.30,1512.80,1508.90,1508.20,1507.71,1807.70,1209.40,1431929.00,61663.00
2-Sep-25,Tuesday,September,Q3,2025,EQ,1502.00,1519.90,1498.60,1505.50,1509.10,1512.80,1514.41,1807.70,1209.40,1137022.00,93150.00
1-Sep-25,Monday,September,Q3,2025,EQ,1485.00,1509.90,1485.00,1481.40,1505.40,1505.50,1504.30,1807.70,1209.40,1241192.00,61147.00
29-Aug-25,Friday,August,Q3,2025,EQ,1498.80,1504.70,1478.70,1495.60,1486.00,1481.40,1495.92,1807.70,1209.40,2279980.00,48489.00
28-Aug-25,Thursday,August,Q3,2025,EQ,1500.00,1509.20,1482.60,1502.20,1494.40,1495.60,1497.00,1807.70,1209.40,1771867.00,86001.00
26-Aug-25,Tuesday,August,Q3,2025,EQ,1521.00,1526.50,1498.90,1527.10,1504.60,1502.20,1508.03,1807.70,1209.40,1510822.00,62203.00
25-Aug-25,Monday,August,Q3,2025,EQ,1516.00,1539.70,1505.00,1505.00,1526.80,1527.10,1530.64,1807.70,1209.40,1386218.00,78201.00
22-Aug-25,Friday,August,Q3,2025,EQ,1529.60,1529.60,1499.00,1521.30,1503.00,1505.00,1508.01,1807.70,1209.40,969599.00,49635.00
21-Aug-25,Thursday,August,Q3,2025,EQ,1528.00,1531.70,1509.10,1524.10,1520.60,1521.30,1522.72,1807.70,1209.40,1251760.00,57124.00
20-Aug-25,Wednesday,August,Q3,2025,EQ,1488.00,1532.00,1487.40,1496.70,1526.00,1524.10,1518.98,1807.70,1209.40,2329633.00,134941.00
19-Aug-25,Tuesday,August,Q3,2025,EQ,1472.00,1499.60,1464.40,1471.20,1499.60,1496.70,1485.70,1807.70,1209.40,1807647.00,68384.00
18-Aug-25,Monday,August,Q3,2025,EQ,1500.00,1500.00,1468.10,1486.70,1470.50,1471.20,1478.70,1807.70,1209.40,1249405.00,75175.00
14-Aug-25,Thursday,August,Q3,2025,EQ,1509.90,1529.90,1485.00,1506.30,1488.20,1486.70,1502.61,1807.70,1209.40,1715172.00,83927.00
13-Aug-25,Wednesday,August,Q3,2025,EQ,1515.00,1518.70,1499.30,1509.30,1504.00,1506.30,1507.74,1807.70,1209.40,1815196.00,97358.00
12-Aug-25,Tuesday,August,Q3,2025,EQ,1482.60,1517.40,1481.00,1481.10,1511.20,1509.30,1509.26,1807.70,1209.40,2532937.00,118797.00
11-Aug-25,Monday,August,Q3,2025,EQ,1480.40,1522.70,1469.70,1480.40,1481.00,1481.10,1480.62,1807.70,1209.40,888886.00,71257.00
8-Aug-25,Friday,August,Q3,2025,EQ,1473.80,1496.00,1473.80,1482.00,1482.00,1480.40,1484.91,1807.70,1209.40,1371665.00,77583.00
7-Aug-25,Thursday,August,Q3,2025,EQ,1455.00,1492.00,1450.00,1459.00,1488.10,1482.00,1468.91,1807.70,1209.40,1587489.00,58636.00
6-Aug-25,Wednesday,August,Q3,2025,EQ,1480.10,1481.50,1453.30,1485.40,1455.00,1459.00,1467.20,1807.70,1209.40,1039973.00,64963.00
5-Aug-25,Tuesday,August,Q3,2025,EQ,1470.10,1487.80,1461.20,1475.00,1483.00,1485.40,1479.59,1807.70,1209.40,2929677.00,123451.00
4-Aug-25,Monday,August,Q3,2025,EQ,1435.00,1477.00,1419.10,1438.80,1475.00,1475.00,1458.16,1807.70,1209.40,1581473.00,85435.00
1-Aug-25,Friday,August,Q3,2025,EQ,1456.60,1459.80,1432.40,1463.70,1435.60,1438.80,1442.29,1807.70,1209.40,1620011.00,69491.00
